fileName	model
0.png	v8_latent_finetune
1.png	v10_rl_09_lcm_lora_s8r64
10.png	v8_latent_finetune
11.png	v10_rl_09_lcm_lora_s8r64
12.png	v8_latent_finetune
13.png	v10_rl_09_lcm_lora_s8r64
14.png	v8_latent_finetune
15.png	v10_rl_09_lcm_lora_s8r64
16.png	v8_latent_finetune
17.png	v10_rl_09_lcm_lora_s8r64
18.png	v8_latent_finetune
19.png	v10_rl_09_lcm_lora_s8r64
2.png	v8_latent_finetune
20.png	v10_rl_09_lcm_lora_s8r64
21.png	v8_latent_finetune
22.png	v10_rl_09_lcm_lora_s8r64
23.png	v8_latent_finetune
24.png	v10_rl_09_lcm_lora_s8r64
25.png	v8_latent_finetune
26.png	v10_rl_09_lcm_lora_s8r64
27.png	v8_latent_finetune
28.png	v10_rl_09_lcm_lora_s8r64
29.png	v8_latent_finetune
3.png	v10_rl_09_lcm_lora_s8r64
30.png	v8_latent_finetune
31.png	v10_rl_09_lcm_lora_s8r64
32.png	v8_latent_finetune
33.png	v10_rl_09_lcm_lora_s8r64
34.png	v8_latent_finetune
35.png	v10_rl_09_lcm_lora_s8r64
36.png	v8_latent_finetune
37.png	v10_rl_09_lcm_lora_s8r64
38.png	v8_latent_finetune
39.png	v10_rl_09_lcm_lora_s8r64
4.png	v8_latent_finetune
40.png	v10_rl_09_lcm_lora_s8r64
41.png	v8_latent_finetune
42.png	v10_rl_09_lcm_lora_s8r64
43.png	v8_latent_finetune
44.png	v10_rl_09_lcm_lora_s8r64
45.png	v8_latent_finetune
46.png	v10_rl_09_lcm_lora_s8r64
47.png	v8_latent_finetune
48.png	v10_rl_09_lcm_lora_s8r64
49.png	v8_latent_finetune
5.png	v10_rl_09_lcm_lora_s8r64
50.png	v8_latent_finetune
51.png	v10_rl_09_lcm_lora_s8r64
52.png	v8_latent_finetune
53.png	v10_rl_09_lcm_lora_s8r64
54.png	v8_latent_finetune
55.png	v10_rl_09_lcm_lora_s8r64
56.png	v8_latent_finetune
57.png	v10_rl_09_lcm_lora_s8r64
58.png	v8_latent_finetune
59.png	v10_rl_09_lcm_lora_s8r64
6.png	v8_latent_finetune
60.png	v10_rl_09_lcm_lora_s8r64
61.png	v8_latent_finetune
62.png	v10_rl_09_lcm_lora_s8r64
63.png	v8_latent_finetune
64.png	v10_rl_09_lcm_lora_s8r64
65.png	v8_latent_finetune
66.png	v10_rl_09_lcm_lora_s8r64
67.png	v8_latent_finetune
68.png	v10_rl_09_lcm_lora_s8r64
69.png	v8_latent_finetune
7.png	v10_rl_09_lcm_lora_s8r64
70.png	v8_latent_finetune
71.png	v10_rl_09_lcm_lora_s8r64
72.png	v8_latent_finetune
73.png	v10_rl_09_lcm_lora_s8r64
74.png	v8_latent_finetune
75.png	v10_rl_09_lcm_lora_s8r64
76.png	v8_latent_finetune
77.png	v10_rl_09_lcm_lora_s8r64
78.png	v8_latent_finetune
79.png	v10_rl_09_lcm_lora_s8r64
8.png	v8_latent_finetune
9.png	v10_rl_09_lcm_lora_s8r64
